objective_1,objective_2,scenario,tol_comf_envelope_single_p,tol_comf_envelope_single_a12,tol_spdif_envelope_single_p,tol_spdif_envelope_single_a12,comf_num_envelope_single_fisher_p,comf_num_envelope_single_fisher_or,comf_num_comf_envelope_single_p,comf_num_comf_envelope_single_a12,spdif_num_envelope_single_fisher_p,spdif_num_envelope_single_fisher_or,spdif_num_spdif_envelope_single_p,spdif_num_spdif_envelope_single_a12,comf_spdif_num_envelope_single_fisher_p,comf_spdif_num_envelope_single_fisher_or,comf_spdif_comf_envelope_single_p,comf_spdif_comf_envelope_single_a12,comf_spdif_spdif_envelope_single_p,comf_spdif_spdif_envelope_single_a12,col_num_envelope_single_fisher_p,col_num_envelope_single_fisher_or
comfort,speed_diff,scenario_1,<0.01,0.9138,<0.01,0.18205,<0.01,53.142857142857146,NA,,>=0.05,0.3265993265993266,<0.01,0.17931896282411747,<0.01,44.47826086956522,NA,,NA,,>=0.05,2.020408163265306
comfort,speed_diff,scenario_2,<0.01,0.6276,<0.01,0.7187,<0.01,87.11111111111111,NA,,>=0.05,,<0.01,0.7187,<0.01,87.11111111111111,NA,,NA,,>=0.05,
comfort,speed_diff,scenario_3,<0.01,0.7915,>=0.05,0.5225,<0.01,7.318681318681318,>=0.05,0.6196911196911197,>=0.05,0.0,>=0.05,0.5277777777777778,<0.01,7.318681318681318,>=0.05,0.6196911196911197,<0.01,0.7384169884169884,>=0.05,2.020408163265306
comfort,speed_diff,scenario_4,<0.01,0.6508,<0.01,0.3118,>=0.05,1.7142857142857142,<0.01,0.6745562130177515,>=0.05,0.0,<0.01,0.3149494949494949,>=0.05,1.641025641025641,<0.01,0.6694711538461539,<0.01,0.3019831730769231,>=0.05,
comfort,speed_diff,scenario_5,>=0.05,0.5215,<0.01,0.7871,>=0.05,3.127659574468085,>=0.05,0.5018454190186713,>=0.05,1.263157894736842,<0.01,0.8093201754385965,>=0.05,1.5319148936170213,>=0.05,0.5018838652482269,<0.01,0.8085106382978723,<0.01,39.51851851851852
comfort,speed_diff,scenario_6,>=0.05,0.4355,<0.05,0.5847,<0.05,0.4602272727272727,<0.01,0.8725694444444444,>=0.05,0.0,<0.05,0.6027835051546392,<0.01,0.4073275862068966,<0.01,0.8679315476190477,<0.01,0.12425595238095238,>=0.05,
comfort,speed_diff,overall,<0.01,0.6841527777777778,>=0.05,0.49403055555555553,<0.01,3.4989529526734606,<0.01,0.6817300564520727,>=0.05,0.494949494949495,>=0.05,0.4990007787626835,<0.01,3.2565872436450523,<0.01,0.6795308692317401,<0.01,0.5762191865940446,<0.01,12.977818853974123
