objective_1,objective_2,scenario,tol_comp_envelope_single_p,tol_comp_envelope_single_a12,tol_comf_envelope_single_p,tol_comf_envelope_single_a12,comp_num_envelope_single_fisher_p,comp_num_envelope_single_fisher_or,comp_num_comp_envelope_single_p,comp_num_comp_envelope_single_a12,comf_num_envelope_single_fisher_p,comf_num_envelope_single_fisher_or,comf_num_comf_envelope_single_p,comf_num_comf_envelope_single_a12,comp_comf_num_envelope_single_fisher_p,comp_comf_num_envelope_single_fisher_or,comp_comf_comp_envelope_single_p,comp_comf_comp_envelope_single_a12,comp_comf_comf_envelope_single_p,comp_comf_comf_envelope_single_a12,col_num_envelope_single_fisher_p,col_num_envelope_single_fisher_or
completion,comfort,scenario_1,>=0.05,0.4951,<0.05,0.5961,>=0.05,1.263157894736842,NA,,>=0.05,1.1366120218579234,<0.01,0.7751024590163934,>=0.05,1.0,NA,,NA,,>=0.05,0.3265993265993266
completion,comfort,scenario_2,>=0.05,0.5505,>=0.05,0.436,>=0.05,1.0,>=0.05,0.5559556786703601,>=0.05,inf,>=0.05,0.4303030303030303,>=0.05,1.2127659574468086,>=0.05,0.5607502799552072,>=0.05,0.422508398656215,>=0.05,
completion,comfort,scenario_3,<0.01,0.31855,<0.01,0.8589,<0.01,18.346938775510203,<0.01,0.688300051203277,<0.01,26.454545454545453,<0.01,0.7771321462043111,<0.01,15.814814814814815,<0.01,0.6723020569174415,<0.01,0.7692307692307693,>=0.05,0.0
completion,comfort,scenario_4,<0.01,0.1559,<0.01,0.1073,>=0.05,5.2105263157894735,<0.01,0.15518341307814992,>=0.05,0.0,<0.01,0.11294736842105263,>=0.05,1.0,<0.01,0.14177285318559557,<0.01,0.10337950138504155,>=0.05,0.0
completion,comfort,scenario_5,<0.01,0.39675,>=0.05,0.4416,>=0.05,3.0618556701030926,<0.01,0.40289492866812454,>=0.05,3.0618556701030926,>=0.05,0.42861605748203685,>=0.05,3.0618556701030926,<0.01,0.40289492866812454,>=0.05,0.42861605748203685,>=0.05,2.020408163265306
completion,comfort,scenario_6,<0.01,0.66215,>=0.05,0.4501,>=0.05,1.0717360114777619,<0.01,0.7455921245959447,>=0.05,2.020408163265306,>=0.05,0.4433106575963719,>=0.05,1.1388888888888888,<0.01,0.7409298780487805,>=0.05,0.47591463414634144,>=0.05,
completion,comfort,overall,<0.05,0.4617805555555556,>=0.05,0.4954027777777778,<0.01,1.6769936890418817,>=0.05,0.5187534949926288,<0.01,2.125319693094629,<0.01,0.4471189920011326,<0.01,1.6240192679633616,>=0.05,0.5188069928749068,<0.01,0.40936230941162893,>=0.05,0.49748743718592964
