objective_1,objective_2,scenario,tol_comp_envelope_single_p,tol_comp_envelope_single_a12,tol_spdif_envelope_single_p,tol_spdif_envelope_single_a12,comp_num_envelope_single_fisher_p,comp_num_envelope_single_fisher_or,comp_num_comp_envelope_single_p,comp_num_comp_envelope_single_a12,spdif_num_envelope_single_fisher_p,spdif_num_envelope_single_fisher_or,spdif_num_spdif_envelope_single_p,spdif_num_spdif_envelope_single_a12,comp_spdif_num_envelope_single_fisher_p,comp_spdif_num_envelope_single_fisher_or,comp_spdif_comp_envelope_single_p,comp_spdif_comp_envelope_single_a12,comp_spdif_spdif_envelope_single_p,comp_spdif_spdif_envelope_single_a12,col_num_envelope_single_fisher_p,col_num_envelope_single_fisher_or
completion,speed_diff,scenario_1,>=0.05,0.51665,<0.01,0.3461,<0.01,0.0845959595959596,<0.01,0.3004508706467662,<0.01,0.10201149425287356,>=0.05,0.45759976525821594,<0.01,0.0845959595959596,<0.01,0.3004508706467662,>=0.05,0.48491915422885573,>=0.05,inf
completion,speed_diff,scenario_2,>=0.05,0.51165,>=0.05,0.5122,>=0.05,1.0,>=0.05,0.5118865421895725,>=0.05,inf,>=0.05,0.5072727272727273,>=0.05,1.0,>=0.05,0.5118865421895725,>=0.05,0.512396694214876,>=0.05,
completion,speed_diff,scenario_3,<0.01,0.81955,<0.01,0.67465,<0.01,0.17257683215130024,<0.01,0.8126639463713203,>=0.05,0.3522267206477733,<0.01,0.7597096188747732,<0.01,0.20350457984866588,<0.01,0.8143320076594491,<0.01,0.8501988510826337,>=0.05,0.0
completion,speed_diff,scenario_4,>=0.05,0.5088,<0.01,0.60855,>=0.05,1.0,>=0.05,0.5089786756453423,>=0.05,1.0,<0.01,0.6107540046933986,>=0.05,1.0,>=0.05,0.5089786756453423,<0.01,0.6107540046933986,>=0.05,
completion,speed_diff,scenario_5,<0.01,0.01,<0.01,0.99,<0.01,inf,NA,,<0.01,inf,NA,,<0.01,inf,NA,,NA,,<0.01,inf
completion,speed_diff,scenario_6,>=0.05,0.5025,<0.01,0.8249,>=0.05,1.5154639175257731,>=0.05,0.5078897538396802,>=0.05,1.5154639175257731,<0.01,0.8365243004418262,>=0.05,1.5154639175257731,>=0.05,0.5078897538396802,<0.01,0.8365243004418262,>=0.05,inf
completion,speed_diff,overall,<0.05,0.5398347222222222,<0.01,0.6136472222222222,<0.01,1.9184629803186504,<0.01,0.6121298119618518,<0.01,2.7599159443131076,<0.01,0.5774414156973932,<0.01,1.9391435011269722,<0.01,0.6120983842510911,<0.01,0.5945035131705203,<0.01,12.25
