objective_1,objective_2,scenario,tol_dis_envelope_single_p,tol_dis_envelope_single_a12,tol_comf_envelope_single_p,tol_comf_envelope_single_a12,dis_num_envelope_single_fisher_p,dis_num_envelope_single_fisher_or,dis_num_dis_envelope_single_p,dis_num_dis_envelope_single_a12,comf_num_envelope_single_fisher_p,comf_num_envelope_single_fisher_or,comf_num_comf_envelope_single_p,comf_num_comf_envelope_single_a12,dis_comf_num_envelope_single_fisher_p,dis_comf_num_envelope_single_fisher_or,dis_comf_dis_envelope_single_p,dis_comf_dis_envelope_single_a12,dis_comf_comf_envelope_single_p,dis_comf_comf_envelope_single_a12,col_num_envelope_single_fisher_p,col_num_envelope_single_fisher_or
distance,comfort,scenario_1,<0.01,0.2801,<0.01,0.6098,>=0.05,1.0,NA,,>=0.05,1.2777777777777777,<0.01,0.6208937198067633,>=0.05,1.0,NA,,NA,,>=0.05,0.6638655462184874
distance,comfort,scenario_2,<0.01,0.1017,<0.01,0.2091,>=0.05,,NA,,<0.01,0.030303030303030304,<0.01,0.27151515151515154,>=0.05,,NA,,NA,,>=0.05,
distance,comfort,scenario_3,>=0.05,0.4673,>=0.05,0.4223,>=0.05,1.2665245202558635,>=0.05,0.4342868988391376,>=0.05,0.3127147766323024,>=0.05,0.44658434349156,>=0.05,1.2665245202558635,>=0.05,0.4342868988391376,>=0.05,0.421849087893864,>=0.05,1.1043296817944706
distance,comfort,scenario_4,<0.01,0.9111,<0.01,0.7508,<0.05,0.3956043956043956,<0.01,0.9906593406593407,<0.01,62.36363636363637,>=0.05,0.45269016697588127,<0.01,6.256410256410256,<0.01,0.9948717948717949,>=0.05,0.4516025641025641,<0.01,12.316872427983538
distance,comfort,scenario_5,<0.01,0.9124,<0.01,0.9019,>=0.05,,NA,,<0.01,36.61643835616438,<0.01,0.8743600387436004,>=0.05,,NA,,NA,,>=0.05,0.4927536231884058
distance,comfort,scenario_6,<0.01,0.8261,<0.01,0.1377,>=0.05,2.020408163265306,<0.01,0.8413729128014842,<0.01,0.047186932849364795,>=0.05,0.48659003831417624,<0.01,0.052711993888464474,<0.01,0.8547314578005115,>=0.05,0.4854219948849105,<0.01,1315.2857142857142
distance,comfort,overall,<0.05,0.5335305555555555,<0.01,0.5512555555555556,>=0.05,0.9664901816232156,<0.01,0.6714771578270061,>=0.05,0.8886827458256029,<0.01,0.6128328575689148,>=0.05,0.8824091426891559,<0.01,0.7964930769005591,<0.01,0.5998360703726472,<0.01,2.572617946345976
