objective_1,objective_2,scenario,tol_dis_envelope_single_p,tol_dis_envelope_single_a12,tol_ttc_envelope_single_p,tol_ttc_envelope_single_a12,dis_num_envelope_single_fisher_p,dis_num_envelope_single_fisher_or,dis_num_dis_envelope_single_p,dis_num_dis_envelope_single_a12,ttc_num_envelope_single_fisher_p,ttc_num_envelope_single_fisher_or,ttc_num_ttc_envelope_single_p,ttc_num_ttc_envelope_single_a12,dis_ttc_num_envelope_single_fisher_p,dis_ttc_num_envelope_single_fisher_or,dis_ttc_dis_envelope_single_p,dis_ttc_dis_envelope_single_a12,dis_ttc_ttc_envelope_single_p,dis_ttc_ttc_envelope_single_a12,col_num_envelope_single_fisher_p,col_num_envelope_single_fisher_or
distance,time_to_collision,scenario_1,4.7534393239063955e-09,0.2603,1.6821732869956515e-15,0.77715,6.198877738613231e-20,121.0,,,1.0,,,,1.0,,,,,,1.0,1.2127659574468086
distance,time_to_collision,scenario_2,0.22601071159633268,0.5496,0.03611359532648674,0.5858,1.0,,,,1.0,,,,1.0,,,,,,1.0,
distance,time_to_collision,scenario_3,0.002437259432411522,0.6241,0.00033523539880626424,0.5747,0.05938321046859169,0.0,0.011919420842804373,0.6043157894736843,1.0,,,,1.0,,,,,,0.11840538106387075,0.15824915824915825
distance,time_to_collision,scenario_4,3.8990401488583483e-20,0.8762,1.4930908005160807e-14,0.1853,0.35653535952360715,0.5819397993311036,1.500502543454045e-23,0.9330334832583708,1.0,,,,1.0,,,,,,0.09474948709135866,0.5374264087468461
distance,time_to_collision,scenario_5,9.940431801291975e-08,0.2819,2.634745985975439e-06,0.3077,1.0,,,,1.0,,,,1.0,,,,,,0.13376254234860613,3.197802197802198
distance,time_to_collision,scenario_6,1.0158028716819519e-32,0.9876,0.000542956453476495,0.3584,1.0,,1.0158028716819519e-32,0.9876,1.0,,,,1.0,,,,,,1.0,1.0957854406130267
distance,time_to_collision,overall,0.0018221596850830424,0.5519861111111111,0.41158952928746284,0.5135763888888889,0.012896346687189982,1.342594635279461,7.129734771072293e-32,0.771138635419937,1.0,,,,1.0,,,,,,0.6415179734646286,0.9316385387737662
