objective_1,objective_2,scenario,tol_dis_envelope_single_p,tol_dis_envelope_single_a12,tol_comp_envelope_single_p,tol_comp_envelope_single_a12,dis_num_envelope_single_fisher_p,dis_num_envelope_single_fisher_or,dis_num_dis_envelope_single_p,dis_num_dis_envelope_single_a12,comp_num_envelope_single_fisher_p,comp_num_envelope_single_fisher_or,comp_num_comp_envelope_single_p,comp_num_comp_envelope_single_a12,dis_comp_num_envelope_single_fisher_p,dis_comp_num_envelope_single_fisher_or,dis_comp_dis_envelope_single_p,dis_comp_dis_envelope_single_a12,dis_comp_comp_envelope_single_p,dis_comp_comp_envelope_single_a12,col_num_envelope_single_fisher_p,col_num_envelope_single_fisher_or
distance,completion,scenario_1,>=0.05,0.4852,>=0.05,0.545,>=0.05,inf,NA,,>=0.05,0.47368421052631576,>=0.05,0.5,>=0.05,inf,NA,,NA,,>=0.05,0.5061728395061729
distance,completion,scenario_2,<0.01,0.699,<0.01,0.68425,>=0.05,,NA,,>=0.05,0.8271391529818496,<0.01,0.7250419733953248,>=0.05,,NA,,NA,,>=0.05,
distance,completion,scenario_3,<0.01,0.9459,<0.01,0.9013,<0.01,0.08163265306122448,<0.01,0.9565051020408163,>=0.05,0.20634920634920634,<0.01,0.9107423189055842,<0.01,0.07235621521335807,<0.01,0.9553898482469911,<0.01,0.9099947671376243,<0.01,0.06832298136645963
distance,completion,scenario_4,<0.01,0.2566,<0.01,0.84215,<0.01,67.66666666666667,NA,,>=0.05,0.27113702623906705,<0.01,0.847981127935045,<0.01,67.66666666666667,NA,,NA,,<0.01,53.083333333333336
distance,completion,scenario_5,<0.01,0.258,<0.01,0.8184,>=0.05,,NA,,>=0.05,0.8655913978494624,<0.01,0.8662926601215521,>=0.05,,NA,,NA,,<0.05,0.3674889310562935
distance,completion,scenario_6,<0.01,0.1998,<0.01,0.9415,<0.01,0.04931669637551991,<0.01,0.038335158817086525,<0.01,0.05303030303030303,<0.01,0.9407166907166907,<0.01,0.04931669637551991,<0.01,0.038335158817086525,<0.01,0.9400024339783376,>=0.05,0.6585365853658537
distance,completion,overall,>=0.05,0.47178333333333333,<0.01,0.6837930555555556,>=0.05,1.1919411380509977,>=0.05,0.5099263131802511,<0.01,0.42680776014109345,<0.01,0.6819300812356368,>=0.05,1.1750175680513384,>=0.05,0.505491257190932,<0.01,0.932535983082835,>=0.05,1.0284646859989326
