objective_1,objective_2,scenario,tol_ttc_envelope_single_p,tol_ttc_envelope_single_a12,tol_comp_envelope_single_p,tol_comp_envelope_single_a12,ttc_num_envelope_single_fisher_p,ttc_num_envelope_single_fisher_or,ttc_num_ttc_envelope_single_p,ttc_num_ttc_envelope_single_a12,comp_num_envelope_single_fisher_p,comp_num_envelope_single_fisher_or,comp_num_comp_envelope_single_p,comp_num_comp_envelope_single_a12,ttc_comp_num_envelope_single_fisher_p,ttc_comp_num_envelope_single_fisher_or,ttc_comp_ttc_envelope_single_p,ttc_comp_ttc_envelope_single_a12,ttc_comp_comp_envelope_single_p,ttc_comp_comp_envelope_single_a12,col_num_envelope_single_fisher_p,col_num_envelope_single_fisher_or
time_to_collision,completion,scenario_1,6.48244055236729e-05,0.3675,0.39437352629178113,0.46555,1.0,,,,0.028671314973181847,0.2268041237113402,0.026475659681444455,0.4069236176194939,1.0,,,,,,0.008079273618498799,0.21875
time_to_collision,completion,scenario_2,0.21496804845074768,0.4492,2.0177249712844399e-25,0.90685,1.0,,,,0.6212024589955616,0.3265993265993266,7.879545873759015e-26,0.9132562740810164,1.0,,,,,,1.0,
time_to_collision,completion,scenario_3,0.26289860729630743,0.4645,3.1377546715950905e-08,0.2838,1.0,,,,0.01398946498545024,0.2361111111111111,2.058831959766499e-16,0.1674019607843137,1.0,,,,,,0.049448474163495,0.41798941798941797
time_to_collision,completion,scenario_4,2.0646226733525284e-07,0.7126,0.0027160542293453217,0.6143,1.0,,,,0.21164785269578462,0.1919191919191919,0.009094389584048231,0.6002658160552897,1.0,,,,,,1.072907109825339e-17,0.060210258043963044
time_to_collision,completion,scenario_5,0.8421562092126262,0.4918,3.021777625061282e-10,0.7077,1.0,,,,0.49768939869426154,2.0638297872340425,4.584988534268433e-14,0.7442421583680632,1.0,,,,,,0.015254231307052833,0.2907801418439716
time_to_collision,completion,scenario_6,6.278815899112971e-09,0.2622,7.62293967171105e-22,0.1344,1.0,,,,7.336327181785606e-24,29.991596638655462,0.04703041118307466,0.3590971272229822,1.0,,,,,,6.507500957487275e-37,inf
time_to_collision,completion,overall,0.6960018095218757,0.49349583333333336,0.8240002472542133,0.4963,1.0,,,,7.720260888305721e-05,2.057309224639902,0.01120638223847416,0.5451442405560241,1.0,,,,,,0.4475460914359725,0.908827455960405
