objective_1,objective_2,scenario,tol_ttc_envelope_single_p,tol_ttc_envelope_single_a12,tol_spdif_envelope_single_p,tol_spdif_envelope_single_a12,ttc_num_envelope_single_fisher_p,ttc_num_envelope_single_fisher_or,ttc_num_ttc_envelope_single_p,ttc_num_ttc_envelope_single_a12,spdif_num_envelope_single_fisher_p,spdif_num_envelope_single_fisher_or,spdif_num_spdif_envelope_single_p,spdif_num_spdif_envelope_single_a12,ttc_spdif_num_envelope_single_fisher_p,ttc_spdif_num_envelope_single_fisher_or,ttc_spdif_ttc_envelope_single_p,ttc_spdif_ttc_envelope_single_a12,ttc_spdif_spdif_envelope_single_p,ttc_spdif_spdif_envelope_single_a12,col_num_envelope_single_fisher_p,col_num_envelope_single_fisher_or
time_to_collision,speed_diff,scenario_1,1.506917065656521e-14,0.2107,1.7134108135034817e-31,0.02505,1.0,,,,2.7654880514051434e-12,0.04099736274274754,8.089875618498338e-25,0.0027129679869777536,1.0,,,,,,0.06521337303957248,0.421631000578369
time_to_collision,speed_diff,scenario_2,0.0006352568428848902,0.6398,1.816409213718578e-25,0.9269,1.0,,,,1.0,,1.816409213718578e-25,0.9269,1.0,,,,,,1.0,
time_to_collision,speed_diff,scenario_3,1.4531418283613785e-10,0.2507,7.860296102640404e-18,0.1549,1.0,,,,1.005800034703144e-28,0.0,0.7885822489655628,0.4840625,1.0,,,,,,0.08143782681736952,0.4649545211342964
time_to_collision,speed_diff,scenario_4,2.1765106537371967e-11,0.226,8.645520996766925e-24,0.0884,1.0,,,,0.014017765516377638,0.0,2.7024337648700204e-22,0.09505376344086021,1.0,,,,,,3.0286431914850434e-25,183.85714285714286
time_to_collision,speed_diff,scenario_5,0.13323598640014403,0.5615,0.07308777185333451,0.5734,1.0,,,,1.0,1.0,0.0567539181385045,0.5796440972222222,1.0,,,,,,0.5891004801560684,0.7705106138841079
time_to_collision,speed_diff,scenario_6,0.03529309028394399,0.4138,3.03336184388189e-07,0.29035,1.0,,,,0.6212024589955616,3.0618556701030926,3.1881001992914205e-08,0.2712693949807352,1.0,,,,,,0.8388810431661299,0.8467432950191571
time_to_collision,speed_diff,overall,0.2556702361787474,0.48107361111111113,1.7529716504052035e-37,0.28680833333333333,1.0,,,,1.7605399558886445e-28,0.06572964034725093,1.113024450452813e-17,0.3477454429165334,1.0,,,,,,0.027980887705085562,1.3078543362903552
