objective_1,objective_2,scenario,tol_ttc_envelope_single_p,tol_ttc_envelope_single_a12,tol_comf_envelope_single_p,tol_comf_envelope_single_a12,ttc_num_envelope_single_fisher_p,ttc_num_envelope_single_fisher_or,ttc_num_ttc_envelope_single_p,ttc_num_ttc_envelope_single_a12,comf_num_envelope_single_fisher_p,comf_num_envelope_single_fisher_or,comf_num_comf_envelope_single_p,comf_num_comf_envelope_single_a12,ttc_comf_num_envelope_single_fisher_p,ttc_comf_num_envelope_single_fisher_or,ttc_comf_ttc_envelope_single_p,ttc_comf_ttc_envelope_single_a12,ttc_comf_comf_envelope_single_p,ttc_comf_comf_envelope_single_a12,col_num_envelope_single_fisher_p,col_num_envelope_single_fisher_or
time_to_collision,comfort,scenario_1,9.482445978203432e-06,0.6396,0.35125753310248864,0.4618,1.0,,,,1.0,1.0,0.3273375367601905,0.459241152088426,1.0,,,,,,0.14638501888140426,0.42716857610474634
time_to_collision,comfort,scenario_2,0.09636726767783872,0.4319,0.20959487865126547,0.4486,1.0,,,,0.0015420521254357919,0.0,0.9715465826647035,0.49844444444444447,1.0,,,,,,1.0,
time_to_collision,comfort,scenario_3,0.8046998686786448,0.49035,2.2630595600568353e-07,0.7119,1.0,,,,0.191271920017812,2.348314606741573,4.697808319702281e-07,0.7151981076286221,1.0,,,,,,0.276448044956755,0.5604395604395604
time_to_collision,comfort,scenario_4,7.510058259547178e-12,0.7803,7.617500029194767e-11,0.2336,1.0,,,,0.49748743718588606,inf,7.128845439887274e-12,0.2179591836734694,1.0,,,,,,4.674543679893239e-13,0.10494910494910495
time_to_collision,comfort,scenario_5,0.6173053276870877,0.4795,7.928885548655405e-10,0.2484,1.0,,,,0.03997999927420439,0.3351063829787234,5.289172876293299e-09,0.24620060790273557,1.0,,,,,,0.009175034285011242,0.2721164613661814
time_to_collision,comfort,scenario_6,9.020556792655498e-05,0.6603,1.0782165045963857e-27,0.0536,1.0,,,,8.781067409007775e-27,0.008746355685131196,2.0788612390389317e-08,0.1608843537414966,1.0,,,,,,0.00904925226203134,0.39759036144578314
time_to_collision,comfort,overall,0.00021392927794011956,0.5615722222222223,1.647910841473374e-23,0.33339166666666664,1.0,,,,2.352804687747734e-14,0.1987179487179487,3.5964761711552716e-12,0.37700562836021506,1.0,,,,,,1.7073030456787742e-08,0.49861318540644334
